{
  "errorMessage": {
    "BASIC_FLOW_INCOMPLETE": "Базова авторизація не завершена.",
    "USER_ALREADY_EXISTS": "Користувач з такою поштою вже існує.",
    "INVALID_PASSWORD": "Невірний пароль.",
    "CATEGORY_NOT_FOUND": "Категорія не знайдена.",
    "CATEGORY_ALREADY_EXISTS": "Категорія вже існує.",
    "ALREADY_IN_FAVOURITE": "Товар вже у улюбленому.",
    "NOT_IN_FAVOURITES": "Товар не у улюбленому.",
    "ORDER_NOT_FOUND": "Замовлення не знайдене.",
    "ORDER_EMPTY": "Замовлення не має товарів.",
    "ORDER_ITEM_NOT_FOUND": "Товар не знайдений у замовлені.",
    "NOT_OWN_ORDER": "Ви не власник цього замовлення.",
    "STATUS_INCORRECT": "Невірний статус замовлення.",
    "REGION_NOT_FOUND": "Регіон не знайдений.",
    "SETTLEMENT_NOT_FOUND": "Населений пункт не знайдений.",
    "POST_OFFICT_NOT_FOUND": "Поштове відділення не знайдене.",
    "PRODUCT_NOT_FOUND": "Товар не знайдений.",
    "USER_NOT_FOUND": "Користувач не знайдений.",
    "PASSWORDS_DONT_MATCH": "Старий пароль не вірний.",
    "FLOW_COMPLETED": "Реестрація вже завершена.",
    "ERROR_CREATING_USER": "Виникла помилка при створенні користувача."
  },
  "orderStatus": {
    "PENDING": "В обробці",
    "CANCELED": "Скасоване",
    "COMPLETE": "Виконане"
  },
  "region": {
    "Dnipropetrovska oblast": "Дніпропетровська область",
    "Volynska oblast": "Волинська область",
    "Zakarpatska oblast": "Закарпатська область",
    "Ivano-Frankivska oblast": "Івано-Франківська область",
    "Kyivska oblast": "Київська область",
    "Vinnytska oblast": "Вінницька область",
    "Chernivetska oblast": "Чернівецька область",
    "Zhytomyrska oblast": "Житомирська область",
    "Lvivska oblast": "Львівська область",
    "Poltavska oblast": "Полтавська область",
    "Kirovohradska oblast": "Кіровоградська область",
    "Kharkivska oblast": "Харківська область",
    "Odeska oblast": "Одеська область",
    "Rivnenska oblast": "Рівненська область",
    "Khmelnytska oblast": "Хмельницька область",
    "Mykolaivska oblast": "Миколаївська область",
    "Cherkaska oblast": "Черкаська область",
    "Chernihivska oblast": "Чернігівська область",
    "Ternopilska oblast": "Тернопільська область",
    "Sumska oblast": "Сумська область",
    "Donetska oblast": "Донецька область",
    "Zaporizka oblast": "Запорізька область",
    "Khersonska oblast": "Херсонська область"
  },
  "Dnipropetrovska oblast": {
    "city Pokrov": "м. Покров",
    "village Pushkarivka": "с. Пушкарівка",
    "urban village Novomykolaivka": "смт Новомиколаївка",
    "village Dmytrivka": "с. Дмитрівка",
    "city Pavlohrad": "м. Павлоград",
    "city Synelnykove": "м. Синельникове",
    "city Shakhtarske": "м. Шахтарське",
    "city Kamenskoye": "м. Кам’янське",
    "city Pidhorodne": "м. Підгородне",
    "city Zhovti Vody": "м. Жовті Води",
    "city Samar": "м. Самар",
    "urban village Obukhivka": "смт Обухівка",
    "city Verkhnodniprovsk": "м. Верхньодніпровськ",
    "city Piatykhatky": "м. П’ятихатки",
    "urban village Vasylkivka": "смт Васильківка",
    "urban village Tsarychanka": "смт Царичанка",
    "city Ternivka": "м. Тернівка",
    "urban village Solone": "смт Солоне",
    "urban village Krynychky": "смт Кринички",
    "urban village Yavornytske": "смт Яворницьке",
    "city Nikopol": "м. Нікополь",
    "city Kryvyi Rih": "м. Кривий Ріг",
    "city Dnipro": "м. Дніпро",
    "city Marhanets": "м. Марганець",
    "city Pereshchepyne": "м. Перещепине",
    "city Vilnohirsk": "м. Вільногірськ",
    "urban village Shyroke": "смт Широке",
    "urban village Petropavlivka": "смт Петропавлівка"
  },
  "Volynska oblast": {
    "urban village Zabolottia": "смт Заболоття",
    "village Rakiv Lis": "с. Раків Ліс",
    "village Buzaky": "с. Бузаки",
    "village Soshychne": "с. Сошичне",
    "village Lypyny": "с. Липини",
    "village Rovantsi": "с. Рованці",
    "urban village Manevychi": "смт Маневичі",
    "city Rozhyshche": "м. Рожище",
    "village Pidhaitsi": "с. Підгайці",
    "city Kamin-Kashyrskyi": "м. Камінь-Каширський",
    "city Kovel": "м. Ковель",
    "city Kivertsi": "м. Ківерці",
    "city Novovolynsk": "м. Нововолинськ",
    "city Volodymyr-Volynskyi": "м. Володимир-Волинський",
    "city Liuboml": "м. Любомль",
    "city Lutsk": "м. Луцьк",
    "village Zmiinets": "с. Зміїнець",
    "village Verbka": "с. Вербка",
    "urban village Ratne": "смт Ратне"
  },
  "Zakarpatska oblast": {
    "village Malyi Rakovets": "с. Малий Раковець",
    "city Irshava": "м. Іршава",
    "urban village Ust-Chorna": "смт Усть-Чорна",
    "village Hanychi": "с. Ганичі",
    "urban village Mizhhiria": "смт Міжгір'я",
    "village Brustury": "с. Брустури",
    "city Khust": "м. Хуст",
    "city Svaliava": "м. Свалява",
    "city Uzhhorod": "м. Ужгород",
    "city Mukachevo": "м. Мукачево",
    "city Rakhiv": "м. Рахів",
    "city Tiachiv": "м. Тячів",
    "city Berehove": "м. Берегове",
    "city Vynohradiv": "м. Виноградів",
    "urban village Velykyi Bychkiv": "смт Великий Бичків",
    "village Velyki Luchky": "с. Великі Лучки",
    "urban village Yasinia": "смт Ясіня"
  },
  "Ivano-Frankivska oblast": {
    "village Vovchynets": "с. Вовчинець",
    "village Holyn": "с. Голинь",
    "urban village Voinyliv": "смт Войнилів",
    "village Yasen": "с. Ясень",
    "city Horodenka": "м. Городенка",
    "village Drahomyrchany": "с. Драгомирчани",
    "village Svarychiv": "с. Сваричів",
    "city Burshtyn": "м. Бурштин",
    "city Tlumach": "м. Тлумач",
    "city Kolomyia": "м. Коломия",
    "city Rohatyn": "м. Рогатин",
    "urban village Bohorodchany": "смт Богородчани",
    "city Ivano-Frankivsk": "м. Івано-Франківськ",
    "city Yaremche": "м. Яремче",
    "village Krykhivtsi": "с. Крихівці",
    "city Kalush": "м. Калуш",
    "city Dolyna": "м. Долина",
    "city Nadvirna": "м. Надвірна",
    "city Sniatyn": "м. Снятин",
    "urban village Perehinske": "смт Перегінське",
    "city Kosiv": "м. Косів",
    "urban village Zabolotiv": "смт Заболотів"
  },
  "Kyivska oblast": {
    "village Kopyliv": "с. Копилів",
    "village Nove": "с. Нове",
    "village Liubymivka": "с. Любимівка",
    "village Rozhny": "с. Рожни",
    "village Khotiv": "с. Хотів",
    "village Petropavlivske": "с. Петропавлівське",
    "village Danilovka": "с. Данилівка",
    "village Soshnykiv": "с. Сошників",
    "village Liubartsi": "с. Любарці",
    "village Rozhivka": "с. Рожівка",
    "urban village Babyntsi": "смт Бабинці",
    "village Chervona Sloboda": "с. Червона Слобода",
    "village Severynivka": "с. Северинівка",
    "village Marianivka": "с. Мар’янівка",
    "village Myrne": "с. Мирне",
    "village Zavorychi": "с. Заворичі",
    "village Byshiv": "с. Бишів",
    "village Yurivka": "с. Юрівка",
    "village Demydiv": "с. Демидів",
    "village Senkivka": "с. Сеньківка",
    "village Kolonshchyna": "с. Колонщина",
    "village Bobryk": "с. Бобрик",
    "village Hatne": "с. Гатне",
    "village Hlyboke": "с. Глибоке",
    "city Vyshhorod": "м. Вишгород",
    "urban village Chabany": "смт Чабани",
    "village Novosilky": "с. Новосілки",
    "city Boryspil": "м. Бориспіль",
    "city Brovary": "м. Бровари",
    "city Bila Tserkva": "м. Біла Церква",
    "village Novi Petrivtsi": "с. Нові Петрівці",
    "urban village Hlevakha": "смт Глеваха",
    "urban village Baryshivka": "смт Баришівка",
    "city Bohuslav": "м. Богуслав",
    "city Tarashcha": "м. Тараща",
    "urban village Ivankiv": "смт Іванків",
    "village Hora": "с. Гора",
    "city Bucha": "м. Буча",
    "village Chaiky": "с. Чайки",
    "village Pohreby": "с. Погреби",
    "urban village Rokytne": "смт Рокитне",
    "city Yahotyn": "м. Яготин",
    "village Myla": "с. Мила",
    "city Pereiaslav-Khmelnytskyi": "м. Переяслав",
    "city Berezan": "м. Березань",
    "city Slavutych": "м. Славутич",
    "village Velyka Oleksandrivka": "с. Велика Олександрівка",
    "urban village Makariv": "смт Макарів",
    "urban village Kotsiubynske": "смт Коцюбинське",
    "village Sviatopetrivske": "с. Святопетрівське",
    "village Shchaslyve": "с. Щасливе",
    "city Sofiivska Borshchahivka": "м. Софіївська Борщагівка",
    "city Kaharlyk": "м. Кагарлик",
    "village Kniazhychi": "с. Княжичі",
    "city Fastiv": "м. Фастів",
    "city Petropavlivska Borshchahivka": "м. Петропавлівська Борщагівка",
    "urban village Kozyn": "смт Козин",
    "city Skvyra": "м. Сквира",
    "village Khodosivka": "с. Ходосівка",
    "city Vyshneve": "м. Вишневе",
    "village Chubynske": "с. Чубинське",
    "village Zazymia": "с. Зазим’я",
    "city Myronivka": "м. Миронівка",
    "village Bilohorodka": "с. Білогородка",
    "city Ukrainka": "м. Українка",
    "urban village Velyka Dymerka": "смт Велика Димерка",
    "village Kriukivshchyna": "с. Крюківщина",
    "city Vasylkiv": "м. Васильків",
    "city Tetiiv": "м. Тетіїв",
    "city Rzhyshchiv": "м. Ржищів",
    "city Kyiv": "м. Київ",
    "city Boiarka": "м. Боярка",
    "city Obukhiv": "м. Обухів",
    "city Irpin": "м. Ірпінь",
    "urban village Hostomel": "смт Гостомель",
    "urban village Vorzel": "смт Ворзель",
    "village Tarasivka": "с. Тарасівка",
    "urban village Stavyshche": "смт Ставище",
    "urban village Borodianka": "смт Бородянка",
    "village Kapitanivka": "с. Капітанівка",
    "city Uzyn": "м. Узин",
    "village Mala Oleksandrivka": "с. Мала Олександрівка",
    "village Vita-Poshtova": "с. Віта-Поштова"
  },
  "Vinnytska oblast": {
    "village Uladivka": "с. Уладівка",
    "village Sloboda-Dashkovetska": "с. Слобода-Дашковецька",
    "village Bokhonyky": "с. Бохоники",
    "village Sosonka": "с. Сосонка",
    "village Kovalivka": "с. Ковалівка",
    "village Ivaniv": "с. Іванів",
    "city Haisyn": "м. Гайсин",
    "village Vinnytski Khutory": "с. Вінницькі Хутори",
    "village Zarvantsi": "с. Зарванці",
    "city City of Bershad": "м. Бершадь",
    "village Ahronomichne": "с. Агрономічне",
    "city Bar": "м. Бар",
    "village Yakushyntsi": "с. Якушинці",
    "city Mohyliv-Podilskyi": "м. Могилів-Подільський",
    "city Sharhorod": "м. Шаргород",
    "city Zhmerynka": "м. Жмеринка",
    "city Kalinovka": "м. Калинівка",
    "city Ladyzhyn": "м. Ладижин",
    "city Khmilnyk": "м. Хмільник",
    "urban village Stryzhavka": "смт Стрижавка",
    "city Koziatyn": "м. Козятин",
    "city Tulchyn": "м. Тульчин",
    "city Vinnytsia": "м. Вінниця",
    "urban village Turbiv": "смт Турбів",
    "city Nemyriv": "м. Немирів"
  },
  "Chernivetska oblast": {
    "village Horbova": "с. Горбова",
    "urban village Nepolokivtsi": "смт Неполоківці",
    "village Kamiana": "с. Кам'яна",
    "village Drachyntsi": "с. Драчинці",
    "village Kamianka": "с. Кам'янка",
    "village Cherepkivtsi": "с. Черепківці",
    "village Shypyntsi": "с. Шипинці",
    "village Nyzhni Stanivtsi": "с. Нижні Станівці",
    "urban village Hlyboka": "смт Глибока",
    "city Chernivtsi": "м. Чернівці",
    "city Novodnistrovsk": "м. Новодністровськ",
    "urban village Kelmentsi": "смт Кельменці",
    "city Novoselytsia": "м. Новоселиця",
    "city Storozhynets": "м. Сторожинець",
    "city Kitsman": "м. Кіцмань",
    "city Khotyn": "м. Хотин"
  },
  "Zhytomyrska oblast": {
    "urban village Velyki Korovyntsi": "смт Великі Коровинці",
    "village Nova Chortoryia": "с. Нова Чортория",
    "urban villagе Kvartsytne": "смт Кварцитне",
    "village Dubrovka": "с. Дубрівка",
    "urban village Ivanopil": "смт Іванопіль",
    "urban villagе Portselianove": "смт Порцелянове",
    "village Vysoka Pich": "с. Висока Піч",
    "village Teterivka": "с. Тетерівка",
    "village Vakulenchuk": "с. Вакуленчук",
    "village Stanyshivka": "с. Станишівка",
    "city Korostyshiv": "м. Коростишів",
    "city Olevsk": "м. Олевськ",
    "city Radomyshl": "м. Радомишль",
    "city Berdychiv": "м. Бердичів",
    "city Korosten": "м. Коростень",
    "city Andrushivka": "м. Андрушівка",
    "city Chudniv": "м. Чуднів",
    "city Ovruch": "м. Овруч",
    "city Zviahel": "м. Звягель",
    "urban village Popilnia": "смт Попільня",
    "city Malyn": "м. Малин",
    "city Zhytomyr": "м. Житомир",
    "village Novoivnytske": "с. Новоівницьке"
  },
  "Lvivska oblast": {
    "city Sokal": "м. Сокаль",
    "village Starychi": "с. Старичі",
    "village Lysynychi": "с. Лисиничі",
    "urban village Hirnyk": "смт Гірник",
    "urban village Olesko": "смт Олесько",
    "urban village Briukhovychi": "смт Брюховичі",
    "urban village Nyzhankovychi": "смт Нижанковичі",
    "urban village Zhvyrka": "смт Жвирка",
    "city Kamianka-Buzka": "м. Кам’янка-Бузька",
    "village Borshchovychi": "с. Борщовичі",
    "urban village Novyi Yarychiv": "смт Новий Яричів",
    "village Sukhovolia": "с. Суховоля",
    "city Hlyniany": "м. Глиняни",
    "village Strilky": "с. Стрілки",
    "city Brody": "м. Броди",
    "city Busk": "м. Буськ",
    "urban village Rudne": "смт Рудне",
    "city Mostyska": "м. Мостиська",
    "city Novoiavorivsk": "м. Новояворівськ",
    "city Zolochiv": "м. Золочів",
    "city Truskavets": "м. Трускавець",
    "city Radekhiv": "м. Радехів",
    "city Mykolaiv": "м. Миколаїв",
    "city Zhovkva": "м. Жовква",
    "city Sheptytskyi": "м. Шептицький",
    "village Solonka": "с. Солонка",
    "city Dubliany": "м. Дубляни",
    "city Boryslav": "м. Борислав",
    "city Zhydachiv": "м. Жидачів",
    "city Horodok": "м. Городок",
    "city Rava-Ruska": "м. Рава-Руська",
    "city Novyi Rozdil": "м. Новий Розділ",
    "city Stryi": "м. Стрий",
    "city Sambir": "м. Самбір",
    "city Yavoriv": "м. Яворів",
    "city Vynnyky": "м. Винники",
    "city Khyriv": "м. Хирів",
    "village Malekhiv": "с. Малехів",
    "city Drohobych": "м. Дрогобич",
    "city Lviv": "м. Львів",
    "city Pustomyty": "м. Пустомити",
    "village Sokilnyky": "с. Сокільники",
    "city Khodoriv": "м. Ходорів"
  },
  "Poltavska oblast": {
    "village Petrivka": "с. Петрівка",
    "village Seleshchyna": "с. Селещина",
    "village Liutenka": "с. Лютенька",
    "village Vepryk": "с. Веприк",
    "city Karlivka": "м. Карлівка",
    "urban village Novi Sanzhary": "смт Нові Санжари",
    "city Horishni Plavni": "м. Горішні Плавні",
    "city Kobeliaky": "м. Кобеляки",
    "city Myrhorod": "м. Миргород",
    "city Khorol": "м. Хорол",
    "city Reshetylivka": "м. Решетилівка",
    "city Hlobyne": "м. Глобине",
    "city Hadiach": "м. Гадяч",
    "city Lubny": "м. Лубни",
    "village Rozsoshentsi": "с. Розсошенці",
    "city Pyriatyn": "м. Пирятин",
    "city Kremenchuk": "м. Кременчук",
    "city Lokhvytsia": "м. Лохвиця",
    "city Poltava": "м. Полтава",
    "city Hrebinka": "м. Гребінка",
    "village Dmytrivka": "с. Дмитрівка",
    "village Potoky": "с. Потоки",
    "city Zinkiv": "м. Зіньків"
  },
  "Kirovohradska oblast": {
    "village Dmytrivka": "с. Дмитрівка",
    "village Subottsi": "с. Суботці",
    "urban village Onufriivka": "смт Онуфріївка",
    "city Novoukrainka": "м. Новоукраїнка",
    "city Haivoron": "м. Гайворон",
    "city Blahovishchenske": "м. Благовіщенське",
    "city Pomichna": "м. Помічна",
    "urban village Oleksandrivka": "смт Олександрівка",
    "city Znamianka": "м. Знам’янка",
    "city Dolynska": "м. Долинська",
    "city Novomyrhorod": "м. Новомиргород",
    "city Svitlovodsk": "м. Світловодськ",
    "city Kropyvnytskyi": "м. Кропивницький",
    "city Oleksandriia": "м. Олександрія"
  },
  "Kharkivska oblast": {
    "city Zlatopil": "м. Златопіль",
    "urban village Shevchenkove": "смт Шевченкове",
    "urban village Korotych": "смт Коротич",
    "urban village Peresichne": "смт Пересічне",
    "urban village Prolisne": "смт Пролісне",
    "village Borki": "с. Борки",
    "city Chuhuiv": "м. Чугуїв",
    "village Dvorichnyi Kut": "с. Дворічний Кут",
    "urban village Pisochyn": "смт Пісочин",
    "urban village Solonytsivka": "смт Солоницівка",
    "city Merefa": "м. Мерефа",
    "city Liubotyn": "м. Люботин",
    "city Zmiiv": "м. Зміїв",
    "city Berestyn": "м. Берестин",
    "city Lozova": "м. Лозова",
    "city Bohodukhiv": "м. Богодухів",
    "city Kharkiv": "м. Харків",
    "city Izium": "м. Ізюм",
    "urban village Rohan": "смт Рогань",
    "city Balakliia": "м. Балаклія",
    "urban village Nova Vodolaha": "смт Нова Водолага",
    "urban village Slobozhanske": "смт Слобожанське",
    "urban village Velykyi Burluk": "смт Великий Бурлук",
    "village Bezruky": "с. Безруки",
    "urban village Prykolotne": "смт Приколотне",
    "city Derhachi": "м. Дергачі",
    "urban village Pechenihy": "смт Печеніги",
    "urban village Pidserednie": "смт Підсереднє",
    "village Shestakove": "с. Шестакове",
    "village Kapytolivka": "с. Капитолівка"
  },
  "Odeska oblast": {
    "village Mizhlymanske": "с. Міжлиманське",
    "village Troitske": "с. Троїцьке",
    "city Izmail": "м. Ізмаїл",
    "city Rozdilna": "м. Роздільна",
    "city Reni": "м. Рені",
    "city Kodyma": "м. Кодима",
    "city Balta": "м. Балта",
    "city Berezivka": "м. Березівка",
    "city Chornomorsk": "м. Чорноморськ",
    "urban village Sarata": "смт Сарата",
    "city Artsyz": "м. Арциз",
    "city Bilhorod-Dnistrovskyi": "м. Білгород-Дністровський",
    "village Usatove (Usativska silska hromada)": "с. Усатове",
    "urban village Savran": "смт Саврань",
    "village Fontanka": "с. Фонтанка",
    "village Dachne": "с. Дачне",
    "city Bolhrad": "м. Болград",
    "city Ananiv": "м. Ананьїв",
    "urban village Liubashivka": "смт Любашівка",
    "urban village Ovidiopol": "смт Овідіополь",
    "village Nerubaiske": "с. Нерубайське",
    "village Molodizhne": "с. Молодіжне",
    "city Pivdenne": "м. Південне",
    "urban village Velykodolynske": "смт Великодолинське",
    "city Tatarbunary": "м. Татарбунари",
    "city Podilsk": "м. Подільськ",
    "city Odesa": "м. Одеса",
    "urban village Avanhard": "смт Авангард"
  },
  "Rivnenska oblast": {
    "village Myrohoshcha Druha": "с. Мирогоща Друга",
    "village Krupets": "с. Крупець",
    "village Stare Selo": "с. Старе Село",
    "city Ostroh": "м. Острог",
    "city Radyvyliv": "м. Радивилів",
    "village Kolodenka": "с. Колоденка",
    "city Sarny": "м. Сарни",
    "city Rivne": "м. Рівне",
    "city Dubno": "м. Дубно",
    "city Varash": "м. Вараш",
    "city Berezne": "м. Березне",
    "urban village Rokytne": "смт Рокитне",
    "city Zdolbuniv": "м. Здолбунів",
    "city Kostopil": "м. Костопіль",
    "city Dubrovytsia": "м. Дубровиця",
    "urban village Kvasyliv": "смт Квасилів",
    "city Korets": "м. Корець",
    "urban village Mlyniv": "смт Млинів"
  },
  "Khmelnytska oblast": {
    "village Zinkiv": "с. Зіньків",
    "village Orynyn": "с. Оринін",
    "urban village Smotrych": "смт Смотрич",
    "urban village Zakupne": "смт Закупне",
    "village Dovzhok": "с. Довжок",
    "city Shepetivka": "м. Шепетівка",
    "city Slavuta": "м. Славута",
    "city Dunaivtsi": "м. Дунаївці",
    "city Polonne": "м. Полонне",
    "city Slobidka-Kulchiievetska": "м. Слобідка-Кульчієвецька",
    "urban village Teofipol": "смт Теофіполь",
    "city Volochysk": "м. Волочиськ",
    "city Gorodok": "м. Городок",
    "city Krasyliv": "м. Красилів",
    "city Netishyn": "м. Нетішин",
    "city Starokostiantyniv": "м. Старокостянтинів",
    "city Khmelnytskyi": "м. Хмельницький",
    "city Kamianets-Podilskyi": "м. Камʼянець-Подільський"
  },
  "Mykolaivska oblast": {
    "village Stepove": "с. Степове",
    "village Prybuzhzhia": "с. Прибужжя",
    "village Peresadivka": "с. Пересадівка",
    "village Vozsiiatske": "с. Возсіятське",
    "village Novopoltavka": "с. Новополтавка",
    "city Pivdennoukrainsk": "м. Південноукраїнськ",
    "city Pervomaisk": "м. Первомайськ",
    "city Bashtanka": "м. Баштанка",
    "city Novyi Buh": "м. Новий Буг",
    "city Voznesensk": "м. Вознесенськ",
    "city Mykolaiv": "м. Миколаїв",
    "city Ochakiv": "м. Очаків",
    "city Snihurivka": "м. Снігурівка",
    "city Nova Odesa": "м. Нова Одеса"
  },
  "Cherkaska oblast": {
    "urban village Shramkivka": "смт Шрамківка",
    "city Zvenyhorodka": "м. Звенигородка",
    "city Chyhyryn": "м. Чигирин",
    "city Kamianka": "м. Кам’янка",
    "city Shpola": "м. Шпола",
    "city Zhashkiv": "м. Жашків",
    "city Khrystynivka": "м. Христинівка",
    "city Monastyryshche": "м. Монастирище",
    "city Talne": "м. Тальне",
    "city Uman": "м. Умань",
    "city Kaniv": "м. Канів",
    "city Korsun-Shevchenkivskyi": "м. Корсунь-Шевченківський",
    "village Sloboda": "с. Слобода",
    "city Cherkasy": "м. Черкаси",
    "city Zolotonosha": "м. Золотоноша",
    "city Smila": "м. Сміла",
    "city Gorodishche": "м. Городище"
  },
  "Chernihivska oblast": {
    "city Horodnia": "м. Городня",
    "city Chernihiv": "м. Чернігів",
    "city Ichnia": "м. Ічня",
    "city Pryluky": "м. Прилуки",
    "city Mena": "м. Мена",
    "city Koriukivka": "м. Корюківка",
    "city Nizhyn": "м. Ніжин",
    "urban village Desna": "смт Десна",
    "village Vertiivka": "с. Вертіївка"
  },
  "Ternopilska oblast": {
    "city Chortkiv": "м. Чортків",
    "city Borshchiv": "м. Борщів",
    "city Ternopil": "м. Тернопіль",
    "city Zbarazh": "м. Збараж",
    "city Kremenets": "м. Кременець",
    "city Pochaiv": "м. Почаїв",
    "city Berezhany": "м. Бережани",
    "city Buchach": "м. Бучач",
    "village Horynka": "с. Горинка",
    "village Velyki Hai": "с. Великі Гаї"
  },
  "Sumska oblast": {
    "city Krolevets": "м. Кролевець",
    "city Lebedyn": "м. Лебедин",
    "city Shostka": "м. Шостка",
    "city Okhtyrka": "м. Охтирка",
    "city Konotop": "м. Конотоп",
    "city Sumy": "м. Суми",
    "city Hlukhiv": "м. Глухів",
    "city Putyvl": "м. Путивль",
    "city Romny": "м. Ромни"
  },
  "Donetska oblast": {
    "city Sloviansk": "м. Слов’янськ",
    "city Kramatorsk": "м. Краматорськ",
    "city Druzhkivka": "м. Дружківка",
    "city Mykolaivka": "м. Миколаївка",
    "urban village Bylbasivka": "смт Билбасівка"
  },
  "Zaporizka oblast": {
    "city Zaporizhia": "м. Запоріжжя",
    "city Vilniansk": "м. Вільнянськ",
    "urban village Novomykolaivka": "смт Новомиколаївка"
  },
  "Khersonska oblast": {
    "city Kherson": "м. Херсон",
    "urban village Velyka Oleksandrivka": "смт Велика Олександрівка",
    "village Stepanivka": "с. Степанівка",
    "urban village Zelenivka": "смт Зеленівка"
  }
}
